{
    "age": {
        "mean": 74.308834177021,
        "std": 7.327614388994585
    },
    "total_vol": {
        "mean": 2050523.6979598098,
        "std": 54925.03201876773
    },
    "bg_vol": {
        "mean": 3.233845539728697,
        "std": 0.11500565402546287
    },
    "csf_vol": {
        "mean": 0.21966485521066806,
        "std": 0.018529682228258584
    },
    "surrounding_csf_vol": {
        "mean": 0.19039776673150405,
        "std": 0.01174232858599437
    },
    "cerebral_ventricles_vol": {
        "mean": 0.028226721969406766,
        "std": 0.013785588668996509
    },
    "lateral_ventricles_vol": {
        "mean": 0.026222114957938133,
        "std": 0.013200961046659328
    },
    "left_lateral_ventricle_vol": {
        "mean": 0.013519212477945856,
        "std": 0.00696422619329881
    },
    "right_lateral_ventricle_vol": {
        "mean": 0.01270290247999223,
        "std": 0.006464186190628341
    },
    "fourth_ventricle_vol": {
        "mean": 0.001040366509757181,
        "std": 0.00020956684955044858
    },
    "third_ventricle_vol": {
        "mean": 0.000977169121888481,
        "std": 0.00031755663570361164
    },
    "inferior_lateral_ventricles_vol": {
        "mean": 0.0010274378895800537,
        "std": 0.00045017050266008246
    },
    "gm_vol": {
        "mean": 0.4687381598957842,
        "std": 0.010584519147014498
    },
    "cortical_gm_vol": {
        "mean": 0.34531791982977944,
        "std": 0.007823966709079847
    },
    "sub_cortical_gm_vol": {
        "mean": 0.03587811293726817,
        "std": 0.002635897497852279
    },
    "thalamus_vol": {
        "mean": 0.008381520260422675,
        "std": 0.0006381203625025982
    },
    "hippocampus_vol": {
        "mean": 0.0052349605390862135,
        "std": 0.000531341128390891
    },
    "caudate_vol": {
        "mean": 0.004869312907138728,
        "std": 0.000518460056228541
    },
    "putamen_vol": {
        "mean": 0.006570451809776505,
        "std": 0.0005819615174406339
    },
    "pallidum_vol": {
        "mean": 0.0021217985273081627,
        "std": 0.0002055725019550964
    },
    "amygdala_vol": {
        "mean": 0.002362448236337939,
        "std": 0.0002542815386282869
    },
    "accumbens_area_vol": {
        "mean": 0.0007830922077295019,
        "std": 9.496308950584127e-05
    },
    "ventral_dc_vol": {
        "mean": 0.005554528449468099,
        "std": 0.0004235244825468767
    },
    "wm_vol": {
        "mean": 0.3115969848935476,
        "std": 0.010069806749168245
    },
    "cerebral_wm_vol": {
        "mean": 0.29366183502079335,
        "std": 0.009894329626239042
    },
    "cerebral_wm_hypo_vol": {
        "mean": 0.0,
        "std": 1.0
    },
    "parechima_vol": {
        "mean": 0.6748578677878412,
        "std": 0.017408176944152316
    },
    "cerebellum_vol": {
        "mean": 0.09070474016772537,
        "std": 0.006551268787989471
    },
    "cerebellum_gm_vol": {
        "mean": 0.07276959029497108,
        "std": 0.005308987670590145
    },
    "cerebellum_wm_vol": {
        "mean": 0.017935149872754238,
        "std": 0.0016144697301806728
    },
    "brainstem_vol": {
        "mean": 0.01477253683376537,
        "std": 0.0009869221814406903
    },
    "cerebellum_brainstem_vol": {
        "mean": 0.10547727700149077,
        "std": 0.00715338337062288
    }
}